loggingTime(txt),locationTimestamp_since1970(s),locationLatitude(WGS84),locationLongitude(WGS84),locationAltitude(m),locationSpeed(m/s),locationSpeedAccuracy(m/s),locationCourse(°),locationCourseAccuracy(°),locationVerticalAccuracy(m),locationHorizontalAccuracy(m),locationFloor(Z),accelerometerTimestamp_sinceReboot(s),accelerometerAccelerationX(G),accelerometerAccelerationY(G),accelerometerAccelerationZ(G),motionTimestamp_sinceReboot(s),motionYaw(rad),motionRoll(rad),motionPitch(rad),motionRotationRateX(rad/s),motionRotationRateY(rad/s),motionRotationRateZ(rad/s),motionUserAccelerationX(G),motionUserAccelerationY(G),motionUserAccelerationZ(G),motionAttitudeReferenceFrame(txt),motionQuaternionX(R),motionQuaternionY(R),motionQuaternionZ(R),motionQuaternionW(R),motionGravityX(G),motionGravityY(G),motionGravityZ(G),motionMagneticFieldX(µT),motionMagneticFieldY(µT),motionMagneticFieldZ(µT),motionHeading(°),motionMagneticFieldCalibrationAccuracy(Z),activityTimestamp_sinceReboot(s),activity(txt),activityActivityConfidence(Z),activityActivityStartDate(txt),pedometerStartDate(txt),pedometerNumberofSteps(N),pedometerAverageActivePace(s/m),pedometerCurrentPace(s/m),pedometerCurrentCadence(steps/s),pedometerDistance(m),pedometerFloorAscended(N),pedometerFloorDescended(N),pedometerEndDate(txt),altimeterTimestamp_sinceReboot(s),altimeterReset(bool),altimeterRelativeAltitude(m),altimeterPressure(kPa),batteryState(N),batteryLevel(R),label
2026-05-05T16:37:36.734+02:00,1777991855.999969,53.23563474330103,10.40180217960041,24.83179,0.002885282,0.4811153,30.21769262405273,180,3,5.999684891258127,-9999,1820.831335416667,-0.1297760009765625,-0.09521484375,-1.001358032226562,1820.826298416667,1.874500052308324,0.5182059952981289,0.2758853031379101,-0.1897149682044983,-0.06860463321208954,-0.01207377389073372,-0.04117659479379654,0.04075487330555916,-0.03855204582214355,XArbitraryZVertical,-0.1258425827219118,0.2573604701129609,0.7924881149274047,0.5384161554221633,-0.1160194277763367,-0.05419785529375076,-0.9917671680450439,0,0,0,-1,-1,1814.888053166667,walking,2,2026-05-05T16:37:30.767+02:00,2026-05-05T16:12:27.330+02:00,1140,1.19412,0.6966417,1.401011,948.704,0,0,2026-05-05T16:37:35.925+02:00,799684656.0192052,0,0.3299999,100.7603,1,0.75,0
2026-05-05T16:37:36.735+02:00,1777991855.999969,53.23563474330103,10.40180217960041,24.83179,0.002885282,0.4811153,30.21769262405273,180,3,5.999684891258127,-9999,1820.841408416667,-0.1549224853515625,-0.0577392578125,-0.99676513671875,1820.836371416667,-0.0002396280881482507,-0.0007686913319226913,-0.001976460887969268,-0.1842715740203857,-0.07124435156583786,-0.0314166434109211,-0.01300714910030365,-0.04294947907328606,-0.009575128555297852,XArbitraryZVertical,-0.000988276220658754,-0.0003842270496283672,-0.0001194341505312115,0.9999994634635414,-0.1167688295245171,-0.05226535350084305,-0.9917829036712646,0,0,0,-1,-1,1814.888053166667,walking,2,2026-05-05T16:37:30.767+02:00,2026-05-05T16:12:27.330+02:00,1140,1.19412,0.6966417,1.401011,948.704,0,0,2026-05-05T16:37:35.925+02:00,799684656.0192052,0,0.3299999,100.7603,1,0.75,0
2026-05-05T16:37:36.737+02:00,1777991855.999969,53.23563474330103,10.40180217960041,24.83179,0.002885282,0.4811153,30.21769262405273,180,3,5.999684891258127,-9999,1820.851481416667,-0.160308837890625,-0.0113372802734375,-1.006088256835938,1820.846445416667,-0.0004291699056895501,-0.001468552276716553,-0.003490824008808166,-0.1079981029033661,-0.06185457855463028,-0.005207411479204893,-0.03746972233057022,-0.006954018026590347,-0.004986047744750977,XArbitraryZVertical,-0.001745568127366295,-0.0007339003794710647,-0.0002133029475303686,0.9999982099038867,-0.1174527406692505,-0.05078522488474846,-0.991779088973999,0,0,0,-1,-1,1814.888053166667,walking,2,2026-05-05T16:37:30.767+02:00,2026-05-05T16:12:27.330+02:00,1140,1.19412,0.6966417,1.401011,948.704,0,0,2026-05-05T16:37:35.925+02:00,799684656.0192052,0,0.3299999,100.7603,1,0.75,0
2026-05-05T16:37:36.746+02:00,1777991855.999969,53.23563474330103,10.40180217960041,24.83179,0.002885282,0.4811153,30.21769262405273,180,3,5.999684891258127,-9999,1820.861555416667,-0.1316680908203125,0.003753662109375,-1.018203735351562,1820.856518416667,-0.0004529378205628988,-0.002114376128482676,-0.004425180496719327,-0.08366804569959641,-0.06368044018745422,-0.005526458378881216,-0.04221677780151367,0.03852385282516479,-0.01433819532394409,XArbitraryZVertical,-0.002212826592419418,-0.001056684181185004,-0.000224129108123452,0.999996957914066,-0.1180920377373695,-0.0498611219227314,-0.9917500615119934,0,0,0,-1,-1,1814.888053166667,walking,2,2026-05-05T16:37:30.767+02:00,2026-05-05T16:12:27.330+02:00,1140,1.19412,0.6966417,1.401011,948.704,0,0,2026-05-05T16:37:35.925+02:00,799684656.0192052,0,0.3299999,100.7603,1,0.75,0
2026-05-05T16:37:36.757+02:00,1777991855.999969,53.23563474330103,10.40180217960041,24.83179,0.002885282,0.4811153,30.21769262405273,180,3,5.999684891258127,-9999,1820.871628416667,-0.1417999267578125,0.00250244140625,-1.001739501953125,1820.866591416667,-0.0006720609987813853,-0.002780198503925646,-0.005378675735099,-0.1057919934391975,-0.05597591772675514,-0.04042958095669746,-0.01292747259140015,0.05269433557987213,-0.02648526430130005,XArbitraryZVertical,-0.002689798773082271,-0.001389189889698588,-0.0003322904864715172,0.9999954427487047,-0.1187406033277512,-0.04894065856933594,-0.9917184710502625,0,0,0,-1,-1,1814.888053166667,walking,2,2026-05-05T16:37:30.767+02:00,2026-05-05T16:12:27.330+02:00,1140,1.19412,0.6966417,1.401011,948.704,0,0,2026-05-05T16:37:35.925+02:00,799684656.0192052,0,0.3299999,100.7603,1,0.75,0
2026-05-05T16:37:36.767+02:00,1777991855.999969,53.23563474330103,10.40180217960041,24.83179,0.002885282,0.4811153,30.21769262405273,180,3,5.999684891258127,-9999,1820.881701416667,-0.1529998779296875,-0.03411865234375,-0.98858642578125,1820.876665416667,-0.00113649775664786,-0.003326197010708188,-0.00669609336907135,-0.149650901556015,-0.04604259133338928,-0.05094394087791443,-0.02254284918308258,0.05018999427556992,-0.01002198457717896,XArbitraryZVertical,-0.003348979985837423,-0.001661185472699421,-0.0005626767065981966,0.9999929499006697,-0.1192570552229881,-0.04768754169344902,-0.991717517375946,0,0,0,-1,-1,1814.888053166667,walking,2,2026-05-05T16:37:30.767+02:00,2026-05-05T16:12:27.330+02:00,1140,1.19412,0.6966417,1.401011,948.704,0,0,2026-05-05T16:37:35.925+02:00,799684656.0192052,0,0.3299999,100.7603,1,0.75,0
2026-05-05T16:37:36.777+02:00,1777991855.999969,53.23563474330103,10.40180217960041,24.83179,0.002885282,0.4811153,30.21769262405273,180,3,5.999684891258127,-9999,1820.891775416667,-0.150787353515625,-0.038818359375,-0.982452392578125,1820.886738416667,-0.001735637532351774,-0.003787135932701757,-0.008329030818158572,-0.168106883764267,-0.03621020168066025,-0.06848698854446411,-0.03331799060106277,0.01201824098825455,0.00315326452255249,XArbitraryZVertical,-0.004166137544740004,-0.001889935651332893,-0.0008599238032969707,0.9999891781078531,-0.1196818649768829,-0.04613688215613365,-0.9917396903038025,0,0,0,-1,-1,1814.888053166667,walking,2,2026-05-05T16:37:30.767+02:00,2026-05-05T16:12:27.330+02:00,1140,1.19412,0.6966417,1.401011,948.704,0,0,2026-05-05T16:37:35.925+02:00,799684656.0192052,0,0.3299999,100.7603,1,0.75,0
2026-05-05T16:37:36.788+02:00,1777991855.999969,53.23563474330103,10.40180217960041,24.83179,0.002885282,0.4811153,30.21769262405273,180,3,5.999684891258127,-9999,1820.901848416667,-0.161956787109375,-0.032012939453125,-0.98944091796875,1820.896811416667,-0.002428853601019872,-0.004153309825466773,-0.0101659725543229,-0.1908816993236542,-0.02914616838097572,-0.06548719108104706,-0.03077971190214157,0.005576211959123611,0.009327471256256104,XArbitraryZVertical,-0.005085471484035535,-0.002070452145189997,-0.001203852622544846,0.9999842219010566,-0.1200076192617416,-0.04439456388354301,-0.9917798638343811,0,0,0,-1,-1,1814.888053166667,walking,2,2026-05-05T16:37:30.767+02:00,2026-05-05T16:12:27.330+02:00,1140,1.19412,0.6966417,1.401011,948.704,0,0,2026-05-05T16:37:35.925+02:00,799684656.0192052,0,0.3299999,100.7603,1,0.75,0
2026-05-05T16:37:36.797+02:00,1777991855.999969,53.23563474330103,10.40180217960041,24.83179,0.002885282,0.4811153,30.21769262405273,180,3,5.999684891258127,-9999,1820.911922416667,-0.1557464599609375,-0.018035888671875,-1.00042724609375,1820.906885416667,-0.002974508847786861,-0.004449534970190998,-0.0123087370348003,-0.2265523374080658,-0.02279852330684662,-0.03935332968831062,-0.04168469458818436,0.01031855121254921,0.002397119998931885,XArbitraryZVertical,-0.006157616377815041,-0.002215568035564578,-0.001473530107808837,0.9999774984402793,-0.1202720701694489,-0.04233147948980331,-0.9918380379676819,0,0,0,-1,-1,1814.888053166667,walking,2,2026-05-05T16:37:30.767+02:00,2026-05-05T16:12:27.330+02:00,1140,1.19412,0.6966417,1.401011,948.704,0,0,2026-05-05T16:37:35.925+02:00,799684656.0192052,0,0.3299999,100.7603,1,0.75,0
2026-05-05T16:37:36.807+02:00,1777991855.999969,53.23563474330103,10.40180217960041,24.83179,0.002885282,0.4811153,30.21769262405273,180,3,5.999684891258127,-9999,1820.921995416667,-0.1541900634765625,0.0054779052734375,-1.004867553710938,1820.916958416667,-0.003248288022400326,-0.004827456135561172,-0.0143843986794303,-0.1747018694877625,-0.04200044646859169,-0.01629108935594559,-0.03511404246091843,0.0222674272954464,-0.008548498153686523,XArbitraryZVertical,-0.007196026414784554,-0.002401978881134859,-0.001606736600940555,0.9999700182834942,-0.1206323951482773,-0.0403033047914505,-0.9918787479400635,0,0,0,-1,-1,1814.888053166667,walking,2,2026-05-05T16:37:30.767+02:00,2026-05-05T16:12:27.330+02:00,1140,1.19412,0.6966417,1.401011,948.704,0,0,2026-05-05T16:37:35.925+02:00,799684656.0192052,0,0.3299999,100.7603,1,0.75,0
2026-05-05T16:37:36.817+02:00,1777991855.999969,53.23563474330103,10.40180217960041,24.83179,0.002885282,0.4811153,30.21769262405273,180,3,5.999684891258127,-9999,1820.932068416667,-0.150390625,0.0038909912109375,-1.011810302734375,1820.927032416667,-0.003349815942501691,-0.005319668735798475,-0.01589639307847506,-0.1261907964944839,-0.04464523494243622,0.00144662894308567,-0.03307466953992844,0.04429236054420471,-0.01298826932907104,XArbitraryZVertical,-0.007952527895143393,-0.00264643100881644,-0.001653707643508937,0.9999635746232854,-0.1211153715848923,-0.03881443664431572,-0.9918792843818665,0,0,0,-1,-1,1814.888053166667,walking,2,2026-05-05T16:37:30.767+02:00,2026-05-05T16:12:27.330+02:00,1140,1.19412,0.6966417,1.401011,948.704,0,0,2026-05-05T16:37:35.925+02:00,799684656.0192052,0,0.3299999,100.7603,1,0.75,0
2026-05-05T16:37:36.827+02:00,1777991855.999969,53.23563474330103,10.40180217960041,24.83179,0.002885282,0.4811153,30.21769262405273,180,3,5.999684891258127,-9999,1820.942142416667,-0.14141845703125,-0.003448486328125,-0.9920196533203125,1820.937105416667,-0.003253967615717025,-0.005868574601578066,-0.01706357528072514,-0.1071234196424484,-0.057159423828125,0.01431682053953409,-0.02872531116008759,0.0415358692407608,-0.01995319128036499,XArbitraryZVertical,-0.008536409822852699,-0.002920291516698611,-0.001601882501567327,0.9999580339077154,-0.12166528403759,-0.03764486685395241,-0.9918570518493652,0,0,0,-1,-1,1814.888053166667,walking,2,2026-05-05T16:37:30.767+02:00,2026-05-05T16:12:27.330+02:00,1140,1.19412,0.6966417,1.401011,948.704,0,0,2026-05-05T16:37:35.925+02:00,799684656.0192052,0,0.3299999,100.7603,1,0.75,0
2026-05-05T16:37:36.837+02:00,1777991855.999969,53.23563474330103,10.40180217960041,24.83179,0.002885282,0.4811153,30.21769262405273,180,3,5.999684891258127,-9999,1820.952215416667,-0.14630126953125,-0.00555419921875,-0.9858245849609375,1820.947178416667,-0.00316484987474781,-0.006392992026960579,-0.01810986967263065,-0.09414796531200409,-0.03801582381129265,0.005743572488427162,-0.01922790706157684,0.03314754739403725,-0.0001878738403320312,XArbitraryZVertical,-0.009059811487360214,-0.00318202704208917,-0.001553407736501311,0.9999526909164463,-0.1221905201673508,-0.03659601882100105,-0.9918317198753357,0,0,0,-1,-1,1814.888053166667,walking,2,2026-05-05T16:37:30.767+02:00,2026-05-05T16:12:27.330+02:00,1140,1.19412,0.6966417,1.401011,948.704,0,0,2026-05-05T16:37:35.925+02:00,799684656.0192052,0,0.3299999,100.7603,1,0.75,0
2026-05-05T16:37:36.847+02:00,1777991855.999969,53.23563474330103,10.40180217960041,24.83179,0.002885282,0.4811153,30.21769262405273,180,3,5.999684891258127,-9999,1820.962288416667,-0.15814208984375,-0.008880615234375,-0.9981231689453125,1820.957252416667,-0.003123923130086761,-0.006837243891847881,-0.01916774727736052,-0.1086373180150986,-0.04135196655988693,-0.001931657548993826,-0.0236675962805748,0.02998704090714455,0.005990862846374512,XArbitraryZVertical,-0.009588997850649178,-0.003403484488488412,-0.00152911690050792,0.9999471548410231,-0.1226336434483528,-0.03554122522473335,-0.9918153882026672,0,0,0,-1,-1,1814.888053166667,walking,2,2026-05-05T16:37:30.767+02:00,2026-05-05T16:12:27.330+02:00,1140,1.19412,0.6966417,1.401011,948.704,0,0,2026-05-05T16:37:35.925+02:00,799684656.0192052,0,0.3299999,100.7603,1,0.75,0
2026-05-05T16:37:36.857+02:00,1777991855.999969,53.23563474330103,10.40180217960041,24.83179,0.002885282,0.4811153,30.21769262405273,180,3,5.999684891258127,-9999,1820.972362416667,-0.157073974609375,-0.0196075439453125,-0.9949493408203125,1820.967325416667,-0.003236037205407111,-0.00723123229412722,-0.02046307898768134,-0.1537179797887802,-0.03669782727956772,-0.01316566951572895,-0.03512345999479294,0.02538779377937317,-0.006310641765594482,XArbitraryZVertical,-0.01023712962801394,-0.003598859560444827,-0.001580929954584527,0.9999399607687213,-0.1230186074972153,-0.03426839411258698,-0.991812527179718,0,0,0,-1,-1,1814.888053166667,walking,2,2026-05-05T16:37:30.767+02:00,2026-05-05T16:12:27.330+02:00,1140,1.19412,0.6966417,1.401011,948.704,0,0,2026-05-05T16:37:35.925+02:00,799684656.0192052,0,0.3299999,100.7603,1,0.75,0
2026-05-05T16:37:36.867+02:00,1777991855.999969,53.23563474330103,10.40180217960041,24.83179,0.002885282,0.4811153,30.21769262405273,180,3,5.999684891258127,-9999,1820.982435416667,-0.145355224609375,-0.0350494384765625,-0.9814453125,1820.977398416667,-0.003433147995011181,-0.007679974131997395,-0.02226217353603699,-0.1963053345680237,-0.04311391338706017,-0.02468983456492424,-0.03362058848142624,0.01289771497249603,-0.003131449222564697,XArbitraryZVertical,-0.01113734945773163,-0.003820627234205309,-0.00167371195327592,0.9999292943678502,-0.1234533563256264,-0.03250524401664734,-0.9918178915977478,0,0,0,-1,-1,1814.888053166667,walking,2,2026-05-05T16:37:30.767+02:00,2026-05-05T16:12:27.330+02:00,1140,1.19412,0.6966417,1.401011,948.704,0,0,2026-05-05T16:37:35.925+02:00,799684656.0192052,0,0.3299999,100.7603,1,0.75,0
2026-05-05T16:37:36.877+02:00,1777991855.999969,53.23563474330103,10.40180217960041,24.83179,0.002885282,0.4811153,30.21769262405273,180,3,5.999684891258127,-9999,1820.992509416667,-0.136474609375,-0.0328521728515625,-0.9765167236328125,1820.987472416667,-0.003726662306043835,-0.008180039580695027,-0.02440314079426675,-0.2073515951633453,-0.04404282569885254,-0.02457771450281143,-0.02142134308815002,-0.004635682329535484,0.01037901639938354,XArbitraryZVertical,-0.01220876429789641,-0.00406696184568006,-0.001813272506507349,0.9999156026401498,-0.1239338517189026,-0.03041374310851097,-0.9918242692947388,0,0,0,-1,-1,1814.888053166667,walking,2,2026-05-05T16:37:30.767+02:00,2026-05-05T16:12:27.330+02:00,1140,1.19412,0.6966417,1.401011,948.704,0,0,2026-05-05T16:37:35.925+02:00,799684656.0192052,0,0.3299999,100.7603,1,0.75,0
2026-05-05T16:37:36.887+02:00,1777991855.999969,53.23563474330103,10.40180217960041,24.83179,0.002885282,0.4811153,30.21769262405273,180,3,5.999684891258127,-9999,1821.002582416667,-0.1558685302734375,-0.0156707763671875,-0.9812164306640625,1820.997545416667,-0.003964978546074758,-0.008704253405758276,-0.02630511577881607,-0.168537512421608,-0.05126425251364708,-0.0191437341272831,-0.01203334331512451,-0.004299165681004524,0.01529932022094727,XArbitraryZVertical,-0.01316065430493807,-0.004325653790733399,-0.001925057903024294,0.9999022793450844,-0.1244412437081337,-0.02855299413204193,-0.9918160438537598,0,0,0,-1,-1,1814.888053166667,walking,2,2026-05-05T16:37:30.767+02:00,2026-05-05T16:12:27.330+02:00,1140,1.19412,0.6966417,1.401011,948.704,0,0,2026-05-05T16:37:35.925+02:00,799684656.0192052,0,0.3299999,100.7603,1,0.75,0
2026-05-05T16:37:36.897+02:00,1777991855.999969,53.23563474330103,10.40180217960041,24.83179,0.002885282,0.4811153,30.21769262405273,180,3,5.999684891258127,-9999,1821.012655416667,-0.1520538330078125,0.0016326904296875,-0.975555419921875,1821.007619416667,-0.004112395223240474,-0.009296883606250259,-0.0277969794316104,-0.1237689703702927,-0.05759964883327484,-0.009843975305557251,-0.03084716200828552,0.0114180576056242,0.01056778430938721,XArbitraryZVertical,-0.01390741820413306,-0.004619388939306141,-0.001991371261849999,0.999890753991553,-0.1250213384628296,-0.02708881534636021,-0.9917841553688049,0,0,0,-1,-1,1814.888053166667,walking,2,2026-05-05T16:37:30.767+02:00,2026-05-05T16:12:27.330+02:00,1140,1.19412,0.6966417,1.401011,948.704,0,0,2026-05-05T16:37:35.925+02:00,799684656.0192052,0,0.3299999,100.7603,1,0.75,0
2026-05-05T16:37:36.908+02:00,1777991855.999969,53.23563474330103,10.40180217960041,24.83179,0.002885282,0.4811153,30.21769262405273,180,3,5.999684891258127,-9999,1821.022729416667,-0.144195556640625,-0.0030059814453125,-0.97088623046875,1821.017692416667,-0.004206984866315842,-0.009971971382165488,-0.02895669774614391,-0.1034326478838921,-0.06464371085166931,-0.009339638985693455,-0.02636784315109253,0.02758095040917397,0.01617527008056641,XArbitraryZVertical,-0.01448811769174324,-0.004954977727311435,-0.002031058387217469,0.999880715302937,-0.1256859600543976,-0.02594824507832527,-0.9917306900024414,0,0,0,-1,-1,1814.888053166667,walking,2,2026-05-05T16:37:30.767+02:00,2026-05-05T16:12:27.330+02:00,1140,1.19412,0.6966417,1.401011,948.704,0,0,2026-05-05T16:37:35.925+02:00,799684656.0192052,0,0.3299999,100.7603,1,0.75,0
2026-05-05T16:37:36.918+02:00,1777991855.999969,53.23563474330103,10.40180217960041,24.83179,0.002885282,0.4811153,30.21769262405273,180,3,5.999684891258127,-9999,1821.032802416667,-0.1512451171875,-0.0058746337890625,-0.9668121337890625,1821.027765416667,-0.004360059622902731,-0.01068789490006067,-0.03000525932381093,-0.1071717217564583,-0.06792525202035904,-0.0193621814250946,-0.01780764758586884,0.02191883698105812,0.02078151702880859,XArbitraryZVertical,-0.01501346434262863,-0.005310603027994814,-0.002099581778149724,0.9998710678928505,-0.1263878643512726,-0.02492480166256428,-0.9916676878929138,0,0,0,-1,-1,1814.888053166667,walking,2,2026-05-05T16:37:30.767+02:00,2026-05-05T16:12:27.330+02:00,1140,1.19412,0.6966417,1.401011,948.704,0,0,2026-05-05T16:37:35.925+02:00,799684656.0192052,0,0.3299999,100.7603,1,0.75,0
2026-05-05T16:37:36.935+02:00,1777991855.999969,53.23563474330103,10.40180217960041,24.83179,0.002885282,0.4811153,30.21769262405273,180,3,5.999684891258127,-9999,1821.042875416667,-0.1546630859375,-0.0041656494140625,-0.9632110595703125,1821.037839416667,-0.004625062221257199,-0.01136675955377999,-0.03129598605099056,-0.1491948068141937,-0.05643558129668236,-0.02875721268355846,-0.02419818937778473,0.01779918186366558,0.02480202913284302,XArbitraryZVertical,-0.01566020012895092,-0.005646453433636598,-0.002223279309295316,0.9998590241273575,-0.1270469129085541,-0.02367380261421204,-0.9916141629219055,0,0,0,-1,-1,1814.888053166667,walking,2,2026-05-05T16:37:30.767+02:00,2026-05-05T16:12:27.330+02:00,1140,1.19412,0.6966417,1.401011,948.704,0,0,2026-05-05T16:37:35.925+02:00,799684656.0192052,0,0.3299999,100.7603,1,0.75,0
2026-05-05T16:37:36.938+02:00,1777991855.999969,53.23563474330103,10.40180217960041,24.83179,0.002885282,0.4811153,30.21769262405273,180,3,5.999684891258127,-9999,1821.052949416667,-0.1556396484375,-0.017608642578125,-0.9617462158203125,1821.047912416667,-0.004962448737948456,-0.01199998796761151,-0.03316543790190974,-0.2156428098678589,-0.05840818211436272,-0.03482682257890701,-0.02700620889663696,0.01769080199301243,0.02836650609970093,XArbitraryZVertical,-0.01659649380725265,-0.005957971516760837,-0.002381345166297078,0.9998417304815288,-0.1276568621397018,-0.02185644023120403,-0.9915775656700134,0,0,0,-1,-1,1814.888053166667,walking,2,2026-05-05T16:37:30.767+02:00,2026-05-05T16:12:27.330+02:00,1140,1.19412,0.6966417,1.401011,948.704,0,0,2026-05-05T16:37:35.925+02:00,799684656.0192052,0,0.3299999,100.7603,1,0.75,0
2026-05-05T16:37:36.948+02:00,1777991855.999969,53.23563474330103,10.40180217960041,24.83179,0.002885282,0.4811153,30.21769262405273,180,3,5.999684891258127,-9999,1821.063022416667,-0.160003662109375,-0.019500732421875,-0.9579010009765625,1821.057986416667,-0.005417246844534866,-0.01253211414850782,-0.03551076539730764,-0.2452272772789001,-0.0390683077275753,-0.04733149707317352,-0.02747942507266998,0.001971356570720673,0.02981400489807129,XArbitraryZVertical,-0.01777100555302699,-0.006216916251878449,-0.002596890723332913,0.9998193912364002,-0.1281601786613464,-0.01957998238503933,-0.991560161113739,0,0,0,-1,-1,1814.888053166667,walking,2,2026-05-05T16:37:30.767+02:00,2026-05-05T16:12:27.330+02:00,1140,1.19412,0.6966417,1.401011,948.704,0,0,2026-05-05T16:37:35.925+02:00,799684656.0192052,0,0.3299999,100.7603,1,0.75,0
2026-05-05T16:37:36.958+02:00,1777991855.999969,53.23563474330103,10.40180217960041,24.83179,0.002885282,0.4811153,30.21769262405273,180,3,5.999684891258127,-9999,1821.073096416667,-0.169891357421875,0.0010986328125,-0.948028564453125,1821.068059416667,-0.006017838514664468,-0.01310334426087234,-0.03820428923137738,-0.2786622047424316,-0.05831390619277954,-0.06653101742267609,-0.03130932152271271,-0.002526266500353813,0.03363806009292603,XArbitraryZVertical,-0.01912019545096904,-0.006492928078937797,-0.002883159183842793,0.9997919914977759,-0.1286943107843399,-0.01697445288300514,-0.9915390014648438,0,0,0,-1,-1,1814.888053166667,walking,2,2026-05-05T16:37:30.767+02:00,2026-05-05T16:12:27.330+02:00,1140,1.19412,0.6966417,1.401011,948.704,0,0,2026-05-05T16:37:35.925+02:00,799684656.0192052,0,0.3299999,100.7603,1,0.75,0
2026-05-05T16:37:36.968+02:00,1777991855.999969,53.23563474330103,10.40180217960041,24.83179,0.002885282,0.4811153,30.21769262405273,180,3,5.999684891258127,-9999,1821.083169416667,-0.1702117919921875,0.0217132568359375,-0.93310546875,1821.078132416667,-0.00682943358879873,-0.01375033095497244,-0.04096959396446634,-0.2739328444004059,-0.05597112327814102,-0.08780795335769653,-0.04059945046901703,0.01542051136493683,0.04347461462020874,XArbitraryZVertical,-0.02050623024321457,-0.006803684995860431,-0.003273088139833912,0.9997613229085536,-0.1292918771505356,-0.01432186178863049,-0.9915031790733337,0,0,0,-1,-1,1814.888053166667,walking,2,2026-05-05T16:37:30.767+02:00,2026-05-05T16:12:27.330+02:00,1140,1.19412,0.6966417,1.401011,948.704,0,0,2026-05-05T16:37:35.925+02:00,799684656.0192052,0,0.3299999,100.7603,1,0.75,0
2026-05-05T16:37:36.978+02:00,1777991855.999969,53.23563474330103,10.40180217960041,24.83179,0.002885282,0.4811153,30.21769262405273,180,3,5.999684891258127,-9999,1821.093242416667,-0.174530029296875,0.03143310546875,-0.9243316650390625,1821.088206416667,-0.007888371473491045,-0.01434769443064098,-0.04372636796572552,-0.2683972120285034,-0.04531608149409294,-0.1134355515241623,-0.04038535058498383,0.03341939300298691,0.05836218595504761,XArbitraryZVertical,-0.02188899677694242,-0.00708579203098541,-0.003786303214714489,0.9997281638052836,-0.1298264265060425,-0.01170612499117851,-0.9914676547050476,0,0,0,-1,-1,1814.888053166667,walking,2,2026-05-05T16:37:30.767+02:00,2026-05-05T16:12:27.330+02:00,1140,1.19412,0.6966417,1.401011,948.704,0,0,2026-05-05T16:37:35.925+02:00,799684656.0192052,0,0.3299999,100.7603,1,0.75,0
2026-05-05T16:37:36.988+02:00,1777991855.999969,53.23563474330103,10.40180217960041,24.83179,0.002885282,0.4811153,30.21769262405273,180,3,5.999684891258127,-9999,1821.103316416667,-0.1701202392578125,0.0434112548828125,-0.92376708984375,1821.098279416667,-0.009101332431856988,-0.01488966778798464,-0.04636394042308456,-0.2585923075675964,-0.04339221492409706,-0.1174858808517456,-0.04423266649246216,0.04065950959920883,0.06710034608840942,XArbitraryZVertical,-0.02321287968692884,-0.007337206661563069,-0.004376734419614178,0.9996940938410483,-0.1302973330020905,-0.009226391091942787,-0.9914320111274719,0,0,0,-1,-1,1814.888053166667,walking,2,2026-05-05T16:37:30.767+02:00,2026-05-05T16:12:27.330+02:00,1140,1.19412,0.6966417,1.401011,948.704,0,0,2026-05-05T16:37:35.925+02:00,799684656.0192052,0,0.3299999,100.7603,1,0.75,0
2026-05-05T16:37:36.998+02:00,1777991855.999969,53.23563474330103,10.40180217960041,24.83179,0.002885282,0.4811153,30.21769262405273,180,3,5.999684891258127,-9999,1821.113389416667,-0.169647216796875,0.029571533203125,-0.9216156005859375,1821.108352416667,-0.01036114919464019,-0.0154196248039077,-0.04917478570869599,-0.3033733665943146,-0.0439770445227623,-0.1268498301506042,-0.03936673700809479,0.04999103024601936,0.06762599945068359,XArbitraryZVertical,-0.02462378304571003,-0.007579942485598335,-0.004989290882731025,0.9996556244629031,-0.1307534873485565,-0.006579765118658543,-0.9913930892944336,0,0,0,-1,-1,1814.888053166667,walking,2,2026-05-05T16:37:30.767+02:00,2026-05-05T16:12:27.330+02:00,1140,1.19412,0.6966417,1.401011,948.704,0,0,2026-05-05T16:37:35.925+02:00,799684656.0192052,0,0.3299999,100.7603,1,0.75,0
2026-05-05T16:37:37.008+02:00,1777991855.999969,53.23563474330103,10.40180217960041,24.83179,0.002885282,0.4811153,30.21769262405273,180,3,5.999684891258127,-9999,1821.123462416667,-0.1709442138671875,0.0151214599609375,-0.904388427734375,1821.118426416667,-0.0118078292888055,-0.01600841849967852,-0.05252512925501596,-0.3672616481781006,-0.05504514276981354,-0.1537064611911774,-0.03838986158370972,0.03299014270305634,0.06972682476043701,XArbitraryZVertical,-0.02630548518381554,-0.007846195692024622,-0.005691474228775594,0.9996069873780895,-0.1312573403120041,-0.003418601816520095,-0.9913424253463745,0,0,0,-1,-1,1814.888053166667,walking,2,2026-05-05T16:37:30.767+02:00,2026-05-05T16:12:27.330+02:00,1140,1.19412,0.6966417,1.401011,948.704,0,0,2026-05-05T16:37:35.925+02:00,799684656.0192052,0,0.3299999,100.7603,1,0.75,0
2026-05-05T16:37:37.018+02:00,1777991855.999969,53.23563474330103,10.40180217960041,24.83179,0.002885282,0.4811153,30.21769262405273,180,3,5.999684891258127,-9999,1821.133536416667,-0.1717529296875,0.0204315185546875,-0.8818511962890625,1821.128499416667,-0.01357551310197621,-0.0167084299477941,-0.0564786828020535,-0.4092365205287933,-0.05594422668218613,-0.1791013032197952,-0.03909102082252502,0.01481646113097668,0.08688080310821533,XArbitraryZVertical,-0.02829063359149233,-0.008158946029227858,-0.006548883037646891,0.9995450443372716,-0.1318531632423401,0.000305013672914356,-0.9912692308425903,0,0,0,-1,-1,1814.888053166667,walking,2,2026-05-05T16:37:30.767+02:00,2026-05-05T16:12:27.330+02:00,1140,1.19412,0.6966417,1.401011,948.704,0,0,2026-05-05T16:37:35.925+02:00,799684656.0192052,0,0.3299999,100.7603,1,0.75,0
2026-05-05T16:37:37.028+02:00,1777991855.999969,53.23563474330103,10.40180217960041,24.83179,0.002885282,0.4811153,30.21769262405273,180,3,5.999684891258127,-9999,1821.143609416667,-0.173004150390625,0.032257080078125,-0.870330810546875,1821.138572416667,-0.01553221522183886,-0.01747587316030371,-0.06051048883093842,-0.3955441415309906,-0.06701844185590744,-0.1994151026010513,-0.03924828767776489,0.01634663715958595,0.1093227863311768,XArbitraryZVertical,-0.03031638777757033,-0.008498644495785747,-0.007497862048219092,0.9994761355374773,-0.1325046122074127,0.004084895830601454,-0.9911739826202393,0,0,0,-1,-1,1814.888053166667,walking,2,2026-05-05T16:37:30.767+02:00,2026-05-05T16:12:27.330+02:00,1140,1.19412,0.6966417,1.401011,948.704,0,0,2026-05-05T16:37:35.925+02:00,799684656.0192052,0,0.3299999,100.7603,1,0.75,0
2026-05-05T16:37:37.039+02:00,1777991855.999969,53.23563474330103,10.40180217960041,24.83179,0.002885282,0.4811153,30.21769262405273,180,3,5.999684891258127,-9999,1821.153683416667,-0.1600799560546875,0.051361083984375,-0.8703765869140625,1821.148646416667,-0.017730505778752,-0.01841506702844101,-0.06448375478046041,-0.3919912278652191,-0.0837007537484169,-0.217410072684288,-0.03969213366508484,0.02447794750332832,0.1207128167152405,XArbitraryZVertical,-0.032315239691766,-0.008916489155318782,-0.00856335258444592,0.9994013020449476,-0.1333119720220566,0.007779147941619158,-0.9910435676574707,0,0,0,-1,-1,1814.888053166667,walking,2,2026-05-05T16:37:30.767+02:00,2026-05-05T16:12:27.330+02:00,1140,1.19412,0.6966417,1.401011,948.704,0,0,2026-05-05T16:37:35.925+02:00,799684656.0192052,0,0.3299999,100.7603,1,0.75,0
2026-05-05T16:37:37.049+02:00,1777991855.999969,53.23563474330103,10.40180217960041,24.83179,0.002885282,0.4811153,30.21769262405273,180,3,5.999684891258127,-9999,1821.163756416667,-0.1524200439453125,0.05279541015625,-0.884368896484375,1821.158719416667,-0.02004083971212433,-0.01955665231151367,-0.06849879781750903,-0.4136305153369904,-0.101011298596859,-0.2229606509208679,-0.02576734125614166,0.03985876590013504,0.1204956769943237,XArbitraryZVertical,-0.03433726917581838,-0.009428841047045108,-0.00967908270775302,0.999318962476048,-0.1343125998973846,0.01150233298540115,-0.9908722639083862,0,0,0,-1,-1,1814.888053166667,walking,2,2026-05-05T16:37:30.767+02:00,2026-05-05T16:12:27.330+02:00,1140,1.19412,0.6966417,1.401011,948.704,0,0,2026-05-05T16:37:35.925+02:00,799684656.0192052,0,0.3299999,100.7603,1,0.75,0
2026-05-05T16:37:37.059+02:00,1777991855.999969,53.23563474330103,10.40180217960041,24.83179,0.002885282,0.4811153,30.21769262405273,180,3,5.999684891258127,-9999,1821.173829416667,-0.1643829345703125,0.052886962890625,-0.90472412109375,1821.168793416667,-0.02224202599861854,-0.02072120719995426,-0.0728262451104006,-0.4474446475505829,-0.09410545974969864,-0.1946698874235153,-0.01707904040813446,0.03724685683846474,0.1063082218170166,XArbitraryZVertical,-0.03651600751555858,-0.009948078143435977,-0.01073566608722527,0.9992259742606182,-0.1353409588336945,0.01554856449365616,-0.9906770586967468,0,0,0,-1,-1,1814.888053166667,walking,2,2026-05-05T16:37:30.767+02:00,2026-05-05T16:12:27.330+02:00,1140,1.19412,0.6966417,1.401011,948.704,0,0,2026-05-05T16:37:35.925+02:00,799684656.0192052,0,0.3299999,100.7603,1,0.75,0
2026-05-05T16:37:37.069+02:00,1777991855.999969,53.23563474330103,10.40180217960041,24.83179,0.002885282,0.4811153,30.21769262405273,180,3,5.999684891258127,-9999,1821.183903416667,-0.1788330078125,0.071258544921875,-0.9089508056640625,1821.178866416667,-0.02431500978231562,-0.02189393249054456,-0.07739891623112712,-0.4721691012382507,-0.09874788671731949,-0.1936608850955963,-0.02799952030181885,0.03303381055593491,0.08573305606842041,XArbitraryZVertical,-0.03881760104665584,-0.01046741066849773,-0.01172387803171429,0.9991227821592804,-0.1363833844661713,0.01985316351056099,-0.9904571771621704,0,0,0,-1,-1,1814.888053166667,walking,2,2026-05-05T16:37:30.767+02:00,2026-05-05T16:12:27.330+02:00,1140,1.19412,0.6966417,1.401011,948.704,0,0,2026-05-05T16:37:35.925+02:00,799684656.0192052,0,0.3299999,100.7603,1,0.75,0
2026-05-05T16:37:37.079+02:00,1777991855.999969,53.23563474330103,10.40180217960041,24.83179,0.002885282,0.4811153,30.21769262405273,180,3,5.999684891258127,-9999,1821.193976416667,-0.1685943603515625,0.0519561767578125,-0.9131622314453125,1821.188939416667,-0.02642887797249602,-0.02314360881411228,-0.08248703824633043,-0.5448533892631531,-0.1113622114062309,-0.2011861801147461,-0.04133482277393341,0.0465935654938221,0.08124411106109619,XArbitraryZVertical,-0.04137823941309027,-0.01101589208375012,-0.01272485762536484,0.9990018995500878,-0.1374981552362442,0.02466499246656895,-0.9901948571205139,0,0,0,-1,-1,1814.888053166667,walking,2,2026-05-05T16:37:30.767+02:00,2026-05-05T16:12:27.330+02:00,1140,1.19412,0.6966417,1.401011,948.704,0,0,2026-05-05T16:37:35.925+02:00,799684656.0192052,0,0.3299999,100.7603,1,0.75,0
2026-05-05T16:37:37.089+02:00,1777991856.999972,53.23563497723651,10.40180227010775,24.81333,0.005000241,0.4720704,29.7691745918255,180,3,5.999684891258127,-9999,1821.204049416667,-0.16412353515625,0.0278778076171875,-0.9119110107421875,1821.199013416667,-0.02868620959171536,-0.02462621256174482,-0.0881558018505023,-0.5814908742904663,-0.1340616643428802,-0.2209424376487732,-0.02976101636886597,0.02191932685673237,0.0766979455947876,XArbitraryZVertical,-0.04423217976040414,-0.01166763029522798,-0.01378510459523822,0.9988581016937726,-0.138833299279213,0.03003686293959618,-0.9898601174354553,0,0,0,-1,-1,1814.888053166667,walking,2,2026-05-05T16:37:30.767+02:00,2026-05-05T16:12:27.330+02:00,1140,1.19412,0.6966417,1.401011,948.704,0,0,2026-05-05T16:37:35.925+02:00,799684656.0192052,0,0.3299999,100.7603,1,0.75,0
2026-05-05T16:37:37.099+02:00,1777991856.999972,53.23563497723651,10.40180227010775,24.81333,0.005000241,0.4720704,29.7691745918255,180,3,5.999684891258127,-9999,1821.214123416667,-0.1662750244140625,0.0548095703125,-0.9073944091796875,1821.209086416667,-0.031141179359128,-0.02631864542967314,-0.09393263364899085,-0.5675588250160217,-0.1539469510316849,-0.2341368049383163,-0.02376089990139008,-0.00761529803276062,0.07755279541015625,XArbitraryZVertical,-0.04714395067053407,-0.01241190646816582,-0.01493371851153789,0.9986994281991483,-0.1403626054525375,0.03549312055110931,-0.9894638061523438,0,0,0,-1,-1,1814.888053166667,walking,2,2026-05-05T16:37:30.767+02:00,2026-05-05T16:12:27.330+02:00,1140,1.19412,0.6966417,1.401011,948.704,0,0,2026-05-05T16:37:35.925+02:00,799684656.0192052,0,0.3299999,100.7603,1,0.75,0
2026-05-05T16:37:37.109+02:00,1777991856.999972,53.23563497723651,10.40180227010775,24.81333,0.005000241,0.4720704,29.7691745918255,180,3,5.999684891258127,-9999,1821.224196416667,-0.1639556884765625,0.0851593017578125,-0.909515380859375,1821.219159416667,-0.03366287212191444,-0.02818523769365366,-0.09936256770278805,-0.5172513723373413,-0.1650121212005615,-0.2333433777093887,-0.02421677112579346,0.01421266049146652,0.08163106441497803,XArbitraryZVertical,-0.04988576669099887,-0.01323702897541712,-0.01610847497322457,0.9985373777440057,-0.1420582234859467,0.04059692472219467,-0.9890254735946655,0,0,0,-1,-1,1814.888053166667,walking,2,2026-05-05T16:37:30.767+02:00,2026-05-05T16:12:27.330+02:00,1140,1.19412,0.6966417,1.401011,948.704,0,0,2026-05-05T16:37:35.925+02:00,799684656.0192052,0,0.3299999,100.7603,1,0.75,0
2026-05-05T16:37:37.122+02:00,1777991856.999972,53.23563497723651,10.40180227010775,24.81333,0.005000241,0.4720704,29.7691745918255,180,3,5.999684891258127,-9999,1821.234270416667,-0.1667633056640625,0.073699951171875,-0.92034912109375,1821.229233416667,-0.03610949852810467,-0.03027368037366255,-0.1043294861734183,-0.4838470816612244,-0.192363053560257,-0.2237546741962433,-0.01998016238212585,0.03991011530160904,0.07903081178665161,XArbitraryZVertical,-0.05239950567513624,-0.01417197222538652,-0.01723805031192672,0.9983769626967799,-0.1439754962921143,0.04524920135736465,-0.9885461926460266,0,0,0,-1,-1,1814.888053166667,walking,2,2026-05-05T16:37:30.767+02:00,2026-05-05T16:12:27.330+02:00,1140,1.19412,0.6966417,1.401011,948.704,0,0,2026-05-05T16:37:35.925+02:00,799684656.0192052,0,0.3299999,100.7603,1,0.75,0
2026-05-05T16:37:37.129+02:00,1777991856.999972,53.23563497723651,10.40180227010775,24.81333,0.005000241,0.4720704,29.7691745918255,180,3,5.999684891258127,-9999,1821.244343416667,-0.1712493896484375,0.0780181884765625,-0.9287567138671875,1821.239306416667,-0.03857075082863376,-0.03255350863377243,-0.1092945001973275,-0.5022454857826233,-0.2011450827121735,-0.2300415933132172,-0.02068506181240082,0.0238024964928627,0.0676647424697876,XArbitraryZVertical,-0.05491606389421209,-0.01519555290793022,-0.01836400891963529,0.9982064673633068,-0.1460782140493393,0.04989746585488319,-0.9880138635635376,0,0,0,-1,-1,1814.888053166667,walking,2,2026-05-05T16:37:30.767+02:00,2026-05-05T16:12:27.330+02:00,1140,1.19412,0.6966417,1.401011,948.704,0,0,2026-05-05T16:37:35.925+02:00,799684656.0192052,0,0.3299999,100.7603,1,0.75,0
2026-05-05T16:37:37.140+02:00,1777991856.999972,53.23563497723651,10.40180227010775,24.81333,0.005000241,0.4720704,29.7691745918255,180,3,5.999684891258127,-9999,1821.254416416667,-0.1668243408203125,0.0865020751953125,-0.93450927734375,1821.249380416667,-0.04111127727599029,-0.03493148740897824,-0.1142192861919599,-0.4896607398986816,-0.2097942382097244,-0.2352576553821564,-0.02297918498516083,0.02352191507816315,0.05868750810623169,XArbitraryZVertical,-0.05741623179504952,-0.0162596731526777,-0.01952089224152813,0.9980270347741264,-0.1482701897621155,0.05449628829956055,-0.9874442219734192,0,0,0,-1,-1,1814.888053166667,walking,2,2026-05-05T16:37:30.767+02:00,2026-05-05T16:12:27.330+02:00,1140,1.19412,0.6966417,1.401011,948.704,0,0,2026-05-05T16:37:35.925+02:00,799684656.0192052,0,0.3299999,100.7603,1,0.75,0
2026-05-05T16:37:37.150+02:00,1777991856.999972,53.23563497723651,10.40180227010775,24.81333,0.005000241,0.4720704,29.7691745918255,180,3,5.999684891258127,-9999,1821.264490416667,-0.1616058349609375,0.0706787109375,-0.9578094482421875,1821.259453416667,-0.04366321494280603,-0.0374072935333667,-0.1191488207083933,-0.5080029964447021,-0.2152358740568161,-0.231917530298233,-0.01626971364021301,0.02740417420864105,0.05232441425323486,XArbitraryZVertical,-0.05992212879669706,-0.01736542334526254,-0.02067406582465458,0.9978378279068805,-0.1505546122789383,0.05909791216254234,-0.9868336915969849,0,0,0,-1,-1,1814.888053166667,walking,2,2026-05-05T16:37:30.767+02:00,2026-05-05T16:12:27.330+02:00,1140,1.19412,0.6966417,1.401011,948.704,0,0,2026-05-05T16:37:35.925+02:00,799684656.0192052,0,0.3299999,100.7603,1,0.75,0
2026-05-05T16:37:37.161+02:00,1777991856.999972,53.23563497723651,10.40180227010775,24.81333,0.005000241,0.4720704,29.7691745918255,180,3,5.999684891258127,-9999,1821.274563416667,-0.1719818115234375,0.069427490234375,-0.9666900634765625,1821.269526416667,-0.04627082285758278,-0.0398924634992791,-0.1244596514300612,-0.5687552690505981,-0.2087196558713913,-0.240699291229248,-0.008765473961830139,0.00660812109708786,0.02836233377456665,XArbitraryZVertical,-0.06262115275792027,-0.01846260526638216,-0.02184393978529002,0.9976275522915601,-0.1528403460979462,0.06407059729099274,-0.9861717820167542,0,0,0,-1,-1,1814.888053166667,walking,2,2026-05-05T16:37:30.767+02:00,2026-05-05T16:12:27.330+02:00,1140,1.19412,0.6966417,1.401011,948.704,0,0,2026-05-05T16:37:35.925+02:00,799684656.0192052,0,0.3299999,100.7603,1,0.75,0
2026-05-05T16:37:37.170+02:00,1777991856.999972,53.23563497723651,10.40180227010775,24.81333,0.005000241,0.4720704,29.7691745918255,180,3,5.999684891258127,-9999,1821.284636416667,-0.1809234619140625,0.0507965087890625,-0.9674530029296875,1821.279600416667,-0.04895810190807765,-0.04242833326528139,-0.1305656851048831,-0.6534437537193298,-0.2183129042387009,-0.2340425252914429,-0.01681698858737946,-0.000393994152545929,0.01872807741165161,XArbitraryZVertical,-0.06572036063008123,-0.01956463721362938,-0.02303554974624545,0.9973803911978512,-0.1551647931337357,0.06982149183750153,-0.9854180812835693,0,0,0,-1,-1,1814.888053166667,walking,2,2026-05-05T16:37:30.767+02:00,2026-05-05T16:12:27.330+02:00,1140,1.19412,0.6966417,1.401011,948.704,0,0,2026-05-05T16:37:35.925+02:00,799684656.0192052,0,0.3299999,100.7603,1,0.75,0
2026-05-05T16:37:37.180+02:00,1777991856.999972,53.23563497723651,10.40180227010775,24.81333,0.005000241,0.4720704,29.7691745918255,180,3,5.999684891258127,-9999,1821.294710416667,-0.180145263671875,0.0434417724609375,-0.974151611328125,1821.289673416667,-0.05162504417861182,-0.04521127303015971,-0.1370778133327935,-0.6558597683906555,-0.2523140013217926,-0.2326779216527939,-0.02319629490375519,-0.02517879009246826,0.01710271835327148,XArbitraryZVertical,-0.06902697528097444,-0.02077599889897981,-0.02419497358718316,0.9971049428023411,-0.1577271372079849,0.07597529888153076,-0.9845556616783142,0,0,0,-1,-1,1814.888053166667,walking,2,2026-05-05T16:37:30.767+02:00,2026-05-05T16:12:27.330+02:00,1140,1.19412,0.6966417,1.401011,948.704,0,0,2026-05-05T16:37:35.925+02:00,799684656.0192052,0,0.3299999,100.7603,1,0.75,0
2026-05-05T16:37:37.190+02:00,1777991856.999972,53.23563497723651,10.40180227010775,24.81333,0.005000241,0.4720704,29.7691745918255,180,3,5.999684891258127,-9999,1821.304783416667,-0.180908203125,0.0830078125,-0.980712890625,1821.299747416667,-0.0542946781945192,-0.0482776196643656,-0.1434650802100055,-0.6190628409385681,-0.2722674608230591,-0.232562929391861,-0.01958286762237549,-0.03856110572814941,0.009461760520935059,XArbitraryZVertical,-0.07227723061218123,-0.02212065090554152,-0.02533706262035834,0.9968173331565239,-0.1605623811483383,0.08200289309024811,-0.9836133718490601,0,0,0,-1,-1,1814.888053166667,walking,2,2026-05-05T16:37:30.767+02:00,2026-05-05T16:12:27.330+02:00,1140,1.19412,0.6966417,1.401011,948.704,0,0,2026-05-05T16:37:35.925+02:00,799684656.0192052,0,0.3299999,100.7603,1,0.75,0
2026-05-05T16:37:37.200+02:00,1777991856.999972,53.23563497723651,10.40180227010775,24.81333,0.005000241,0.4720704,29.7691745918255,180,3,5.999684891258127,-9999,1821.314857416667,-0.194366455078125,0.1229095458984375,-0.9698028564453125,1821.309820416667,-0.05690460239786405,-0.05150865868333688,-0.1491466615306728,-0.5374148488044739,-0.288008064031601,-0.2217920422554016,-0.01734894514083862,-0.004328496754169464,0.001947164535522461,XArbitraryZVertical,-0.07517992693172758,-0.02355068821351607,-0.02644216816366428,0.9965411673033494,-0.163559228181839,0.08733632415533066,-0.9826600551605225,0,0,0,-1,-1,1814.888053166667,walking,2,2026-05-05T16:37:30.767+02:00,2026-05-05T16:12:27.330+02:00,1140,1.19412,0.6966417,1.401011,948.704,0,0,2026-05-05T16:37:35.925+02:00,799684656.0192052,0,0.3299999,100.7603,1,0.75,0
2026-05-05T16:37:37.210+02:00,1777991856.999972,53.23563497723651,10.40180227010775,24.81333,0.005000241,0.4720704,29.7691745918255,180,3,5.999684891258127,-9999,1821.324930416667,-0.198760986328125,0.135406494140625,-0.969696044921875,1821.319893416667,-0.05941655433954852,-0.05485417155658723,-0.1540062872926668,-0.4447838664054871,-0.2931173741817474,-0.2201845049858093,-0.02769474685192108,0.03104401379823685,0.01192080974578857,XArbitraryZVertical,-0.07767637023465977,-0.02504614082416053,-0.02749605532466411,0.9962847343220766,-0.1666716635227203,0.09186553955078125,-0.9817236065864563,0,0,0,-1,-1,1814.888053166667,walking,2,2026-05-05T16:37:30.767+02:00,2026-05-05T16:12:27.330+02:00,1140,1.19412,0.6966417,1.401011,948.704,0,0,2026-05-05T16:37:35.925+02:00,799684656.0192052,0,0.3299999,100.7603,1,0.75,0
2026-05-05T16:37:37.220+02:00,1777991856.999972,53.23563497723651,10.40180227010775,24.81333,0.005000241,0.4720704,29.7691745918255,180,3,5.999684891258127,-9999,1821.335003416667,-0.2144927978515625,0.155364990234375,-0.994842529296875,1821.329967416667,-0.06177724247960498,-0.05809174337557262,-0.1580634310058903,-0.3910918831825256,-0.2646686732769012,-0.1924072057008743,-0.02907553315162659,0.03978997468948364,0.01115274429321289,XArbitraryZVertical,-0.07977263908637747,-0.02650010222211021,-0.02848258273866721,0.9960536585287658,-0.169685423374176,0.09561653435230255,-0.9808487892150879,0,0,0,-1,-1,1814.888053166667,walking,2,2026-05-05T16:37:30.767+02:00,2026-05-05T16:12:27.330+02:00,1140,1.19412,0.6966417,1.401011,948.704,0,0,2026-05-05T16:37:35.925+02:00,799684656.0192052,0,0.3299999,100.7603,1,0.75,0
2026-05-05T16:37:37.230+02:00,1777991856.999972,53.23563497723651,10.40180227010775,24.81333,0.005000241,0.4720704,29.7691745918255,180,3,5.999684891258127,-9999,1821.345077416667,-0.2266845703125,0.1543426513671875,-1.01318359375,1821.340040416667,-0.06381525837650011,-0.06104158171795604,-0.1618234848001978,-0.380092978477478,-0.2469179034233093,-0.1629573702812195,-0.04205970466136932,0.05625633895397186,-0.0148199200630188,XArbitraryZVertical,-0.08171507046944051,-0.02782348793458209,-0.02931787776745809,0.9958358047647615,-0.172433078289032,0.09910865873098373,-0.9800226092338562,0,0,0,-1,-1,1814.888053166667,walking,2,2026-05-05T16:37:30.767+02:00,2026-05-05T16:12:27.330+02:00,1140,1.19412,0.6966417,1.401011,948.704,0,0,2026-05-05T16:37:35.925+02:00,799684656.0192052,0,0.3299999,100.7603,1,0.75,0
2026-05-05T16:37:37.240+02:00,1777991856.999972,53.23563497723651,10.40180227010775,24.81333,0.005000241,0.4720704,29.7691745918255,180,3,5.999684891258127,-9999,1821.355150416667,-0.2318115234375,0.1252593994140625,-1.0234375,1821.350113416667,-0.06581206099909248,-0.0636301585616493,-0.1658825164905955,-0.4516817033290863,-0.2014313787221909,-0.1708813309669495,-0.05186168849468231,0.0514426976442337,-0.03397548198699951,XArbitraryZVertical,-0.08380238707384176,-0.02895893180111274,-0.03013651360351565,0.9956055292150782,-0.1748228669166565,0.102899968624115,-0.9792081117630005,0,0,0,-1,-1,1814.888053166667,walking,2,2026-05-05T16:37:30.767+02:00,2026-05-05T16:12:27.330+02:00,1140,1.19412,0.6966417,1.401011,948.704,0,0,2026-05-05T16:37:35.925+02:00,799684656.0192052,0,0.3299999,100.7603,1,0.75,0
2026-05-05T16:37:37.250+02:00,1777991856.999972,53.23563497723651,10.40180227010775,24.81333,0.005000241,0.4720704,29.7691745918255,180,3,5.999684891258127,-9999,1821.365223416667,-0.233673095703125,0.103759765625,-1.028167724609375,1821.360187416667,-0.06779684135457374,-0.06594053225268515,-0.1708520206758653,-0.5529026389122009,-0.1784855872392654,-0.155751571059227,-0.05488120019435883,0.01766849309206009,-0.04511243104934692,XArbitraryZVertical,-0.08633993501112626,-0.02993505637986792,-0.03093901831816299,0.9953351751411886,-0.1769302934408188,0.107590913772583,-0.9783250093460083,0,0,0,-1,-1,1814.888053166667,walking,2,2026-05-05T16:37:30.767+02:00,2026-05-05T16:12:27.330+02:00,1140,1.19412,0.6966417,1.401011,948.704,0,0,2026-05-05T16:37:35.925+02:00,799684656.0192052,0,0.3299999,100.7603,1,0.75,0
2026-05-05T16:37:37.260+02:00,1777991856.999972,53.23563497723651,10.40180227010775,24.81333,0.005000241,0.4720704,29.7691745918255,180,3,5.999684891258127,-9999,1821.375297416667,-0.2229766845703125,0.0917510986328125,-1.034805297851562,1821.370260416667,-0.0698297254942415,-0.0680415886725893,-0.1767386447272343,-0.6265240907669067,-0.1620362997055054,-0.1552706062793732,-0.05485500395298004,-0.009420208632946014,-0.05081701278686523,XArbitraryZVertical,-0.08933225353687968,-0.03078187764910739,-0.03175136265669207,0.9950196556321633,-0.1788180768489838,0.1131799891591072,-0.9773507118225098,0,0,0,-1,-1,1814.888053166667,walking,2,2026-05-05T16:37:30.767+02:00,2026-05-05T16:12:27.330+02:00,1140,1.19412,0.6966417,1.401011,948.704,0,0,2026-05-05T16:37:35.925+02:00,799684656.0192052,0,0.3299999,100.7603,1,0.75,0
2026-05-05T16:37:37.270+02:00,1777991856.999972,53.23563497723651,10.40180227010775,24.81333,0.005000241,0.4720704,29.7691745918255,180,3,5.999684891258127,-9999,1821.385370416667,-0.206634521484375,0.10040283203125,-1.040603637695312,1821.380334416667,-0.07190306507885234,-0.07005324053925269,-0.1830098097492805,-0.6334277987480164,-0.1576237082481384,-0.1666899770498276,-0.04236975312232971,-0.02738969027996063,-0.05849248170852661,XArbitraryZVertical,-0.09251566772099996,-0.03156798433085582,-0.03257354288736917,0.9946774805833889,-0.1806069016456604,0.1191407963633537,-0.9763127565383911,0,0,0,-1,-1,1814.888053166667,walking,2,2026-05-05T16:37:30.767+02:00,2026-05-05T16:12:27.330+02:00,1140,1.19412,0.6966417,1.401011,948.704,0,0,2026-05-05T16:37:35.925+02:00,799684656.0192052,0,0.3299999,100.7603,1,0.75,0
2026-05-05T16:37:37.280+02:00,1777991856.999972,53.23563497723651,10.40180227010775,24.81333,0.005000241,0.4720704,29.7691745918255,180,3,5.999684891258127,-9999,1821.395444416667,-0.201995849609375,0.13494873046875,-1.033477783203125,1821.390407416667,-0.07403145142325533,-0.0720668966663897,-0.1889101262937124,-0.541841983795166,-0.1567270308732986,-0.1601742953062057,-0.02424335479736328,-0.02432321757078171,-0.06532067060470581,XArbitraryZVertical,-0.09551615476640241,-0.0323524331472392,-0.033422974941649,0.9943404443822047,-0.1823911517858505,0.1247260645031929,-0.9752829670906067,0,0,0,-1,-1,1814.888053166667,walking,2,2026-05-05T16:37:30.767+02:00,2026-05-05T16:12:27.330+02:00,1140,1.19412,0.6966417,1.401011,948.704,0,0,2026-05-05T16:37:35.925+02:00,799684656.0192052,0,0.3299999,100.7603,1,0.75,0
2026-05-05T16:37:37.290+02:00,1777991856.999972,53.23563497723651,10.40180227010775,24.81333,0.005000241,0.4720704,29.7691745918255,180,3,5.999684891258127,-9999,1821.405517416667,-0.1950531005859375,0.1671295166015625,-1.018463134765625,1821.400480416667,-0.07591521084768625,-0.07405850764208241,-0.1935932278468079,-0.4122092425823212,-0.1603774279356003,-0.1390903145074844,-0.01782152056694031,0.005813434720039368,-0.05910420417785645,XArbitraryZVertical,-0.09790801417583868,-0.03315591296505213,-0.03416963968152927,0.9940559308633488,-0.1841742992401123,0.1291353106498718,-0.9743735790252686,0,0,0,-1,-1,1814.888053166667,walking,2,2026-05-05T16:37:30.767+02:00,2026-05-05T16:12:27.330+02:00,1140,1.19412,0.6966417,1.401011,948.704,0,0,2026-05-05T16:37:35.925+02:00,799684656.0192052,0,0.3299999,100.7603,1,0.75,0
2026-05-05T16:37:37.300+02:00,1777991856.999972,53.23563497723651,10.40180227010775,24.81333,0.005000241,0.4720704,29.7691745918255,180,3,5.999684891258127,-9999,1821.415590416667,-0.1889495849609375,0.189971923828125,-1.011032104492188,1821.410554416667,-0.07751967032431305,-0.07599046417521864,-0.1967326037582772,-0.2249357551336288,-0.1495697945356369,-0.1234295964241028,-0.009125858545303345,0.03507702052593231,-0.04481369256973267,XArbitraryZVertical,-0.09952800999858998,-0.03397125466243076,-0.03480725145126768,0.9938453615473313,-0.185927227139473,0.1320525109767914,-0.9736494421958923,0,0,0,-1,-1,1814.888053166667,walking,2,2026-05-05T16:37:30.767+02:00,2026-05-05T16:12:27.330+02:00,1140,1.19412,0.6966417,1.401011,948.704,0,0,2026-05-05T16:37:35.925+02:00,799684656.0192052,0,0.3299999,100.7603,1,0.75,0
2026-05-05T16:37:37.310+02:00,1777991856.999972,53.23563497723651,10.40180227010775,24.81333,0.005000241,0.4720704,29.7691745918255,180,3,5.999684891258127,-9999,1821.425664416667,-0.2021026611328125,0.1899566650390625,-1.034744262695312,1821.420627416667,-0.07879017672237801,-0.07763436497442258,-0.1983201308301003,-0.1188693940639496,-0.1191157400608063,-0.1010172292590141,-0.001516088843345642,0.05649474263191223,-0.03786581754684448,XArbitraryZVertical,-0.1003672287736369,-0.03469076121963344,-0.03532303946943049,0.9937179511444882,-0.1874334663152695,0.1334771811962128,-0.9731662273406982,0,0,0,-1,-1,1814.888053166667,walking,2,2026-05-05T16:37:30.767+02:00,2026-05-05T16:12:27.330+02:00,1140,1.19412,0.6966417,1.401011,948.704,0,0,2026-05-05T16:37:35.925+02:00,799684656.0192052,0,0.3299999,100.7603,1,0.75,0
2026-05-05T16:37:37.321+02:00,1777991856.999972,53.23563497723651,10.40180227010775,24.81333,0.005000241,0.4720704,29.7691745918255,180,3,5.999684891258127,-9999,1821.435737416667,-0.2155914306640625,0.16351318359375,-1.04693603515625,1821.430700416667,-0.07991229767395057,-0.07889916418038413,-0.1994235368201765,-0.1325292885303497,-0.08430343121290207,-0.1029986143112183,-0.01351886987686157,0.05551545321941376,-0.06193298101425171,XArbitraryZVertical,-0.1009573691500212,-0.0352387791625185,-0.03579325665805373,0.9936221027917325,-0.1885837614536285,0.1344412118196487,-0.9728112816810608,0,0,0,-1,-1,1814.888053166667,walking,2,2026-05-05T16:37:30.767+02:00,2026-05-05T16:12:27.330+02:00,1140,1.19412,0.6966417,1.401011,948.704,0,0,2026-05-05T16:37:35.925+02:00,799684656.0192052,0,0.3299999,100.7603,1,0.75,0
2026-05-05T16:37:37.331+02:00,1777991856.999972,53.23563497723651,10.40180227010775,24.81333,0.005000241,0.4720704,29.7691745918255,180,3,5.999684891258127,-9999,1821.445811416667,-0.221282958984375,0.1107940673828125,-1.055374145507812,1821.440774416667,-0.08120637369081851,-0.07996283608473675,-0.2013399687830827,-0.2706470489501953,-0.06684453785419464,-0.1177617833018303,-0.026073157787323,0.0273263156414032,-0.07454931735992432,XArbitraryZVertical,-0.1019512214371365,-0.03565937748360462,-0.03634048597029076,0.9934857377061411,-0.1895182430744171,0.136186882853508,-0.9723867177963257,0,0,0,-1,-1,1814.888053166667,walking,2,2026-05-05T16:37:30.767+02:00,2026-05-05T16:12:27.330+02:00,1140,1.19412,0.6966417,1.401011,948.704,0,0,2026-05-05T16:37:35.925+02:00,799684656.0192052,0,0.3299999,100.7603,1,0.75,0
2026-05-05T16:37:37.341+02:00,1777991856.999972,53.23563497723651,10.40180227010775,24.81333,0.005000241,0.4720704,29.7691745918255,180,3,5.999684891258127,-9999,1821.455884416667,-0.21807861328125,0.0749053955078125,-1.053466796875,1821.450847416667,-0.08275922670429395,-0.08089845444807371,-0.2048091319517975,-0.4274928569793701,-0.05142617598176003,-0.1278868615627289,-0.03098912537097931,-0.02863802015781403,-0.08359897136688232,XArbitraryZVertical,-0.1037186929592743,-0.03596652175559103,-0.0369871428958282,0.9932678315704914,-0.1902938187122345,0.1394321024417877,-0.9717751741409302,0,0,0,-1,-1,1814.888053166667,walking,2,2026-05-05T16:37:30.767+02:00,2026-05-05T16:12:27.330+02:00,1140,1.19412,0.6966417,1.401011,948.704,0,0,2026-05-05T16:37:35.925+02:00,799684656.0192052,0,0.3299999,100.7603,1,0.75,0
2026-05-05T16:37:37.351+02:00,1777991856.999972,53.23563497723651,10.40180227010775,24.81333,0.005000241,0.4720704,29.7691745918255,180,3,5.999684891258127,-9999,1821.465957416667,-0.2174224853515625,0.083099365234375,-1.050491333007812,1821.460921416667,-0.08451408200963065,-0.08181021108413142,-0.2093187662121109,-0.4740312099456787,-0.04986955597996712,-0.1349946409463882,-0.02705912292003632,-0.06877194344997406,-0.08245271444320679,XArbitraryZVertical,-0.1060059190394205,-0.03622410670768571,-0.03770987853315483,0.9929898210282673,-0.1910194605588913,0.1436773538589478,-0.9710140824317932,0,0,0,-1,-1,1814.888053166667,walking,2,2026-05-05T16:37:30.767+02:00,2026-05-05T16:12:27.330+02:00,1140,1.19412,0.6966417,1.401011,948.704,0,0,2026-05-05T16:37:35.925+02:00,799684656.0192052,0,0.3299999,100.7603,1,0.75,0
2026-05-05T16:37:37.361+02:00,1777991856.999972,53.23563497723651,10.40180227010775,24.81333,0.005000241,0.4720704,29.7691745918255,180,3,5.999684891258127,-9999,1821.476031416667,-0.1992034912109375,0.1245574951171875,-1.044845581054688,1821.470994416667,-0.08624766879352255,-0.08278613243612098,-0.2137030433984733,-0.4053285717964172,-0.06708928942680359,-0.1245494484901428,-0.02561533451080322,-0.06469996273517609,-0.08025145530700684,XArbitraryZVertical,-0.1082316717893026,-0.03651326500653392,-0.03841874452677673,0.9927119173356853,-0.1918071210384369,0.1477993428707123,-0.9702398777008057,0,0,0,-1,-1,1814.888053166667,walking,2,2026-05-05T16:37:30.767+02:00,2026-05-05T16:12:27.330+02:00,1140,1.19412,0.6966417,1.401011,948.704,0,0,2026-05-05T16:37:35.925+02:00,799684656.0192052,0,0.3299999,100.7603,1,0.75,0
2026-05-05T16:37:37.371+02:00,1777991856.999972,53.23563497723651,10.40180227010775,24.81333,0.005000241,0.4720704,29.7691745918255,180,3,5.999684891258127,-9999,1821.486104625,-0.1843719482421875,0.169677734375,-1.03692626953125,1821.481067625,-0.08781913824359784,-0.0838580398842419,-0.2169726388715618,-0.2669875919818878,-0.06638462096452713,-0.1199755445122719,-0.006494566798210144,-0.02628417313098907,-0.07525283098220825,XArbitraryZVertical,-0.1099033384395718,-0.0368816004878766,-0.03906494585011164,0.9924893643461123,-0.192708894610405,0.1508416831493378,-0.9695927500724792,0,0,0,-1,-1,1814.888053166667,walking,2,2026-05-05T16:37:30.767+02:00,2026-05-05T16:12:27.330+02:00,1140,1.19412,0.6966417,1.401011,948.704,0,0,2026-05-05T16:37:35.925+02:00,799684656.0192052,0,0.3299999,100.7603,1,0.75,0
2026-05-05T16:37:37.381+02:00,1777991856.999972,53.23563497723651,10.40180227010775,24.81333,0.005000241,0.4720704,29.7691745918255,180,3,5.999684891258127,-9999,1821.496177625,-0.197021484375,0.1954345703125,-1.035476684570312,1821.491141625,-0.0890844821919054,-0.08482185519107568,-0.2188993507351556,-0.1351736485958099,-0.06630392372608185,-0.09234391152858734,0.00916820764541626,0.01708050072193146,-0.06777387857437134,XArbitraryZVertical,-0.1109013986820508,-0.03724329125612597,-0.03959465575368207,0.9923438455750617,-0.1935401409864426,0.1525972336530685,-0.9691523909568787,0,0,0,-1,-1,1814.888053166667,walking,2,2026-05-05T16:37:30.767+02:00,2026-05-05T16:12:27.330+02:00,1140,1.19412,0.6966417,1.401011,948.704,0,0,2026-05-05T16:37:35.925+02:00,799684656.0192052,0,0.3299999,100.7603,1,0.75,0
2026-05-05T16:37:37.391+02:00,1777991856.999972,53.23563497723651,10.40180227010775,24.81333,0.005000241,0.4720704,29.7691745918255,180,3,5.999684891258127,-9999,1821.506251625,-0.2111968994140625,0.1820526123046875,-1.037200927734375,1821.501214625,-0.0899229439178463,-0.08569932213185653,-0.2197623776011465,-0.05210107192397118,-0.05941885337233543,-0.05674989894032478,-0.00269433856010437,0.04208044707775116,-0.06660133600234985,XArbitraryZVertical,-0.1113625487771139,-0.03761087628693298,-0.03994153068235068,0.9922644380640797,-0.1943271309137344,0.15335413813591,-0.9688753485679626,0,0,0,-1,-1,1814.888053166667,walking,2,2026-05-05T16:37:30.767+02:00,2026-05-05T16:12:27.330+02:00,1140,1.19412,0.6966417,1.401011,948.704,0,0,2026-05-05T16:37:35.925+02:00,799684656.0192052,0,0.3299999,100.7603,1,0.75,0
2026-05-05T16:37:37.401+02:00,1777991856.999972,53.23563497723651,10.40180227010775,24.81333,0.005000241,0.4720704,29.7691745918255,180,3,5.999684891258127,-9999,1821.516324625,-0.2261199951171875,0.147186279296875,-1.04010009765625,1821.511288625,-0.09035542300105946,-0.08634069915722604,-0.2201937721128198,-0.04402716457843781,-0.04137407243251801,-0.02395892888307571,-0.01628097891807556,0.02832159399986267,-0.06850355863571167,XArbitraryZVertical,-0.1115974955841283,-0.03789430684402325,-0.04011007173984946,0.9922203283606803,-0.1949159055948257,0.153731033205986,-0.9686973690986633,0,0,0,-1,-1,1814.888053166667,walking,2,2026-05-05T16:37:30.767+02:00,2026-05-05T16:12:27.330+02:00,1140,1.19412,0.6966417,1.401011,948.704,0,0,2026-05-05T16:37:35.925+02:00,799684656.0192052,0,0.3299999,100.7603,1,0.75,0
2026-05-05T16:37:37.411+02:00,1777991856.999972,53.23563497723651,10.40180227010775,24.81333,0.005000241,0.4720704,29.7691745918255,180,3,5.999684891258127,-9999,1821.526398625,-0.2342529296875,0.11627197265625,-1.035659790039062,1821.521361625,-0.0906028866676501,-0.0867921780240198,-0.2208728025882242,-0.0839163064956665,-0.03403732925653458,-0.01274242717772722,-0.03079114854335785,-0.007184714078903198,-0.07158768177032471,XArbitraryZVertical,-0.1119479609294702,-0.03808758850045364,-0.04019132696065478,0.9921703140956529,-0.1953288316726685,0.1543710082769394,-0.9685124158859253,0,0,0,-1,-1,1814.888053166667,walking,2,2026-05-05T16:37:30.767+02:00,2026-05-05T16:12:27.330+02:00,1140,1.19412,0.6966417,1.401011,948.704,0,0,2026-05-05T16:37:35.925+02:00,799684656.0192052,0,0.3299999,100.7603,1,0.75,0
2026-05-05T16:37:37.427+02:00,1777991856.999972,53.23563497723651,10.40180227010775,24.81333,0.005000241,0.4720704,29.7691745918255,180,3,5.999684891258127,-9999,1821.536471625,-0.2254486083984375,0.112823486328125,-1.03045654296875,1821.531434625,-0.0908570734025788,-0.08717694458417441,-0.2219090310994986,-0.1198071986436844,-0.02243340387940407,-0.01683304086327553,-0.03858120739459991,-0.0390888899564743,-0.06737488508224487,XArbitraryZVertical,-0.1124743727295293,-0.03823838315777121,-0.0402708762218962,0.9921016843495036,-0.1956716924905777,0.1553608626127243,-0.9682848453521729,0,0,0,-1,-1,1814.888053166667,walking,2,2026-05-05T16:37:30.767+02:00,2026-05-05T16:12:27.330+02:00,1140,1.19412,0.6966417,1.401011,948.704,0,0,2026-05-05T16:37:35.925+02:00,799684656.0192052,0,0.3299999,100.7603,1,0.75,0
2026-05-05T16:37:37.431+02:00,1777991856.999972,53.23563497723651,10.40180227010775,24.81333,0.005000241,0.4720704,29.7691745918255,180,3,5.999684891258127,-9999,1821.546544625,-0.2157440185546875,0.15240478515625,-1.029159545898438,1821.541508625,-0.09106226471486739,-0.08747627154370347,-0.2226817566301879,-0.02418134361505508,-0.02656503207981586,-0.008172042667865753,-0.02951033413410187,-0.04327373206615448,-0.0623440146446228,XArbitraryZVertical,-0.1128674672692513,-0.03835599238970618,-0.04033710715077063,0.9920497891617082,-0.1959382444620132,0.1560972332954407,-0.9681125283241272,0,0,0,-1,-1,1814.888053166667,walking,2,2026-05-05T16:37:30.767+02:00,2026-05-05T16:12:27.330+02:00,1140,1.19412,0.6966417,1.401011,948.704,0,0,2026-05-05T16:37:35.925+02:00,799684656.0192052,0,0.3299999,100.7603,1,0.75,0
2026-05-05T16:37:37.441+02:00,1777991856.999972,53.23563497723651,10.40180227010775,24.81333,0.005000241,0.4720704,29.7691745918255,180,3,5.999684891258127,-9999,1821.556618625,-0.1982574462890625,0.172149658203125,-1.040603637695312,1821.551581625,-0.09109922254113613,-0.0877782554006603,-0.2225747719377061,0.0439353920519352,-0.0198980737477541,0.004023636691272259,-0.01951424777507782,-0.003583431243896484,-0.06108850240707397,XArbitraryZVertical,-0.1128212229113928,-0.03850637591159556,-0.0403409963101845,0.9920490828807251,-0.1962297558784485,0.1559882313013077,-0.9680710434913635,0,0,0,-1,-1,1814.888053166667,walking,2,2026-05-05T16:37:30.767+02:00,2026-05-05T16:12:27.330+02:00,1140,1.19412,0.6966417,1.401011,948.704,0,0,2026-05-05T16:37:35.925+02:00,799684656.0192052,0,0.3299999,100.7603,1,0.75,0
2026-05-05T16:37:37.451+02:00,1777991856.999972,53.23563497723651,10.40180227010775,24.81333,0.005000241,0.4720704,29.7691745918255,180,3,5.999684891258127,-9999,1821.566691625,-0.2031402587890625,0.16070556640625,-1.035552978515625,1821.561654625,-0.09090492096897661,-0.08799586497837036,-0.2219357593274368,0.09054960310459137,-0.02504250220954418,0.02162979543209076,-0.001796185970306396,0.0167677253484726,-0.07248204946517944,XArbitraryZVertical,-0.1125050264251404,-0.03864124612659006,-0.04024790194037019,0.9920835578786303,-0.1964612454175949,0.1553819328546524,-0.9681215882301331,0,0,0,-1,-1,1814.888053166667,walking,2,2026-05-05T16:37:30.767+02:00,2026-05-05T16:12:27.330+02:00,1140,1.19412,0.6966417,1.401011,948.704,0,0,2026-05-05T16:37:35.925+02:00,799684656.0192052,0,0.3299999,100.7603,1,0.75,0
2026-05-05T16:37:37.461+02:00,1777991856.999972,53.23563497723651,10.40180227010775,24.81333,0.005000241,0.4720704,29.7691745918255,180,3,5.999684891258127,-9999,1821.576765625,-0.213348388671875,0.1522216796875,-1.021133422851562,1821.571728625,-0.09060638818961687,-0.08815256563503883,-0.2209019435322762,0.1231727972626686,-0.01145958248525858,0.01926624029874802,-0.006494686007499695,0.006306320428848267,-0.06731158494949341,XArbitraryZVertical,-0.1119898087237382,-0.03876153015137335,-0.04011620309407388,0.9921423741724195,-0.1966455578804016,0.1543992608785629,-0.9682413935661316,0,0,0,-1,-1,1814.888053166667,walking,2,2026-05-05T16:37:30.767+02:00,2026-05-05T16:12:27.330+02:00,1140,1.19412,0.6966417,1.401011,948.704,0,0,2026-05-05T16:37:35.925+02:00,799684656.0192052,0,0.3299999,100.7603,1,0.75,0
2026-05-05T16:37:37.472+02:00,1777991856.999972,53.23563497723651,10.40180227010775,24.81333,0.005000241,0.4720704,29.7691745918255,180,3,5.999684891258127,-9999,1821.586838625,-0.2107086181640625,0.15411376953125,-1.000442504882812,1821.581801625,-0.09025255643427016,-0.08830226692403337,-0.2196448893338153,0.1309920996427536,-0.02028609625995159,0.01941404491662979,-0.01651883125305176,-0.0009814947843551636,-0.05273938179016113,XArbitraryZVertical,-0.1113625966586732,-0.03888680427780618,-0.03996295177476288,0.9922142951659978,-0.1968295127153397,0.1532031744718552,-0.9683939814567566,0,0,0,-1,-1,1814.888053166667,walking,2,2026-05-05T16:37:30.767+02:00,2026-05-05T16:12:27.330+02:00,1140,1.19412,0.6966417,1.401011,948.704,0,0,2026-05-05T16:37:35.925+02:00,799684656.0192052,0,0.3299999,100.7603,1,0.75,0
2026-05-05T16:37:37.482+02:00,1777991856.999972,53.23563497723651,10.40180227010775,24.81333,0.005000241,0.4720704,29.7691745918255,180,3,5.999684891258127,-9999,1821.596911625,-0.2032012939453125,0.1520233154296875,-0.9907379150390625,1821.591875625,-0.08998681276075048,-0.0884651569238976,-0.2183734184063086,0.1255733668804169,-0.01589401066303253,0.0137588232755661,-0.01368770003318787,0.002130568027496338,-0.03189516067504883,XArbitraryZVertical,-0.1107301385302197,-0.03901387592810907,-0.03985308036666944,0.9922845191132601,-0.1970208883285522,0.1519832015037537,-0.9685472846031189,0,0,0,-1,-1,1814.888053166667,walking,2,2026-05-05T16:37:30.767+02:00,2026-05-05T16:12:27.330+02:00,1140,1.19412,0.6966417,1.401011,948.704,0,0,2026-05-05T16:37:35.925+02:00,799684656.0192052,0,0.3299999,100.7603,1,0.75,0
2026-05-05T16:37:37.492+02:00,1777991856.999972,53.23563497723651,10.40180227010775,24.81333,0.005000241,0.4720704,29.7691745918255,180,3,5.999684891258127,-9999,1821.606985625,-0.203399658203125,0.145050048828125,-0.9969024658203125,1821.601948625,-0.08979265272972677,-0.08873982980835432,-0.2174102769699704,0.06602099537849426,-0.04361751675605774,0.005238105077296495,-0.005889356136322021,0.0009651631116867065,-0.02210509777069092,XArbitraryZVertical,-0.1102541508365514,-0.03918468667033304,-0.03976510188046465,0.992334322404902,-0.1973118931055069,0.1510581523180008,-0.9686327576637268,0,0,0,-1,-1,1814.888053166667,walking,2,2026-05-05T16:37:30.767+02:00,2026-05-05T16:12:27.330+02:00,1140,1.19412,0.6966417,1.401011,948.704,0,0,2026-05-05T16:37:35.925+02:00,799684656.0192052,0,0.3299999,100.7603,1,0.75,0
2026-05-05T16:37:37.502+02:00,1777991856.999972,53.23563497723651,10.40180227010775,24.81333,0.005000241,0.4720704,29.7691745918255,180,3,5.999684891258127,-9999,1821.617058625,-0.197784423828125,0.1396484375,-0.9930267333984375,1821.612021625,-0.08975601763408547,-0.08928376747122174,-0.2171643348269918,-0.009788555093109608,-0.05464912950992584,-0.008851348422467709,-0.005555316805839539,-0.005770444869995117,-0.02834129333496094,XArbitraryZVertical,-0.1101422610029408,-0.03946266141824449,-0.03972298449556272,0.9923374478315058,-0.1978443264961243,0.1508205085992813,-0.9685611724853516,0,0,0,-1,-1,1814.888053166667,walking,2,2026-05-05T16:37:30.767+02:00,2026-05-05T16:12:27.330+02:00,1140,1.19412,0.6966417,1.401011,948.704,0,0,2026-05-05T16:37:35.925+02:00,799684656.0192052,0,0.3299999,100.7603,1,0.75,0
2026-05-05T16:37:37.512+02:00,1777991856.999972,53.23563497723651,10.40180227010775,24.81333,0.005000241,0.4720704,29.7691745918255,180,3,5.999684891258127,-9999,1821.627131625,-0.20703125,0.1403961181640625,-0.9905853271484375,1821.622095625,-0.08998151742882365,-0.08987028319316594,-0.2174883006202395,-0.04372196644544601,-0.04376106336712837,-0.02610237337648869,0.0006096214056015015,-0.01146593689918518,-0.02462375164031982,XArbitraryZVertical,-0.1103190494062022,-0.0397332259514802,-0.03979455066414603,0.9923041813707877,-0.1983940005302429,0.1511143743991852,-0.9684029221534729,0,0,0,-1,-1,1814.888053166667,walking,2,2026-05-05T16:37:30.767+02:00,2026-05-05T16:12:27.330+02:00,1140,1.19412,0.6966417,1.401011,948.704,0,0,2026-05-05T16:37:35.925+02:00,799684656.0192052,0,0.3299999,100.7603,1,0.75,0
2026-05-05T16:37:37.522+02:00,1777991856.999972,53.23563497723651,10.40180227010775,24.81333,0.005000241,0.4720704,29.7691745918255,180,3,5.999684891258127,-9999,1821.637205625,-0.217254638671875,0.1727294921875,-0.9976959228515625,1821.632168625,-0.09021218069146053,-0.09045272633588042,-0.2176407960267882,0.01479061041027308,-0.04590544104576111,-0.02035367488861084,-0.008089572191238403,-0.01084312796592712,-0.02231419086456299,XArbitraryZVertical,-0.110410872924537,-0.04000569117540082,-0.0398730674784304,0.9922798824274858,-0.198941633105278,0.1512392461299896,-0.9682710766792297,0,0,0,-1,-1,1814.888053166667,walking,2,2026-05-05T16:37:30.767+02:00,2026-05-05T16:12:27.330+02:00,1140,1.19412,0.6966417,1.401011,948.704,0,0,2026-05-05T16:37:35.925+02:00,799684656.0192052,0,0.3299999,100.7603,1,0.75,0
2026-05-05T16:37:37.532+02:00,1777991856.999972,53.23563497723651,10.40180227010775,24.81333,0.005000241,0.4720704,29.7691745918255,180,3,5.999684891258127,-9999,1821.647278625,-0.22222900390625,0.203460693359375,-1.00018310546875,1821.642242625,-0.09025691828328385,-0.09085673770321881,-0.2171272361658438,0.09933026134967804,-0.0307920016348362,0.01123674213886261,-0.01791755855083466,0.0219995528459549,-0.0294266939163208,XArbitraryZVertical,-0.1101651527960099,-0.0402164375166591,-0.03988579809457606,0.9922980516273627,-0.199337050318718,0.1507299393415451,-0.9682691693305969,0,0,0,-1,-1,1814.888053166667,walking,2,2026-05-05T16:37:30.767+02:00,2026-05-05T16:12:27.330+02:00,1140,1.19412,0.6966417,1.401011,948.704,0,0,2026-05-05T16:37:35.925+02:00,799684656.0192052,0,0.3299999,100.7603,1,0.75,0
2026-05-05T16:37:37.542+02:00,1777991856.999972,53.23563497723651,10.40180227010775,24.81333,0.005000241,0.4720704,29.7691745918255,180,3,5.999684891258127,-9999,1821.657352625,-0.227264404296875,0.2065582275390625,-0.9939727783203125,1821.652315625,-0.08987114966010581,-0.09121105216523076,-0.2159397964108075,0.1372502148151398,-0.04720878973603249,0.03007807396352291,-0.02250872552394867,0.05385567247867584,-0.0318184494972229,XArbitraryZVertical,-0.1095755207460416,-0.04044288766811047,-0.03970464355677721,0.9923613972178104,-0.1997202634811401,0.1496050357818604,-0.9683646559715271,0,0,0,-1,-1,1814.888053166667,walking,2,2026-05-05T16:37:30.767+02:00,2026-05-05T16:12:27.330+02:00,1140,1.19412,0.6966417,1.401011,948.704,0,0,2026-05-05T16:37:35.925+02:00,799684656.0192052,0,0.3299999,100.7603,1,0.75,0
2026-05-05T16:37:37.552+02:00,1777991856.999972,53.23563497723651,10.40180227010775,24.81333,0.005000241,0.4720704,29.7691745918255,180,3,5.999684891258127,-9999,1821.667425625,-0.231414794921875,0.184539794921875,-0.99090576171875,1821.662388625,-0.08937768307669129,-0.09157520265986675,-0.2146233963738401,0.12025136500597,-0.0364280492067337,0.04286204278469086,-0.02714300155639648,0.05819337069988251,-0.02550011873245239,XArbitraryZVertical,-0.1089198065814479,-0.04068304280058183,-0.03947292024210722,0.9924330758559918,-0.2001213878393173,0.1483648717403412,-0.9684726595878601,0,0,0,-1,-1,1814.888053166667,walking,2,2026-05-05T16:37:30.767+02:00,2026-05-05T16:12:27.330+02:00,1140,1.19412,0.6966417,1.401011,948.704,0,0,2026-05-05T16:37:35.925+02:00,799684656.0192052,0,0.3299999,100.7603,1,0.75,0
2026-05-05T16:37:37.562+02:00,1777991856.999972,53.23563497723651,10.40180227010775,24.81333,0.005000241,0.4720704,29.7691745918255,180,3,5.999684891258127,-9999,1821.677498625,-0.2395782470703125,0.1616973876953125,-0.993408203125,1821.672462625,-0.08882364138233143,-0.09190608263660856,-0.2137046239619303,0.06978525966405869,-0.0473768375813961,0.04773855954408646,-0.0309261828660965,0.03701791167259216,-0.02238023281097412,XArbitraryZVertical,-0.1084592916699106,-0.04089991365288811,-0.03920311410406201,0.9924853025239594,-0.2004885822534561,0.1475218832492828,-0.9685254693031311,0,0,0,-1,-1,1814.888053166667,walking,2,2026-05-05T16:37:30.767+02:00,2026-05-05T16:12:27.330+02:00,1140,1.19412,0.6966417,1.401011,948.704,0,0,2026-05-05T16:37:35.925+02:00,799684656.0192052,0,0.3299999,100.7603,1,0.75,0
2026-05-05T16:37:37.572+02:00,1777991856.999972,53.23563497723651,10.40180227010775,24.81333,0.005000241,0.4720704,29.7691745918255,180,3,5.999684891258127,-9999,1821.687572625,-0.231781005859375,0.163970947265625,-0.988250732421875,1821.682535625,-0.08839704048743344,-0.09222592179580705,-0.213121926762573,0.0601564422249794,-0.01976225338876247,0.02820607088506222,-0.03874559700489044,0.01470206677913666,-0.02487391233444214,XArbitraryZVertical,-0.1081677569046871,-0.04109597954314569,-0.03898878092459589,0.9925175039941795,-0.2008326351642609,0.146995335817337,-0.9685342907905579,0,0,0,-1,-1,1814.888053166667,walking,2,2026-05-05T16:37:30.767+02:00,2026-05-05T16:12:27.330+02:00,1140,1.19412,0.6966417,1.401011,948.704,0,0,2026-05-05T16:37:35.925+02:00,799684656.0192052,0,0.3299999,100.7603,1,0.75,0
2026-05-05T16:37:37.582+02:00,1777991856.999972,53.23563497723651,10.40180227010775,24.81333,0.005000241,0.4720704,29.7691745918255,180,3,5.999684891258127,-9999,1821.697645625,-0.239044189453125,0.1725921630859375,-0.99346923828125,1821.692608625,-0.08814236394119092,-0.09214201019276781,-0.2125117062321488,0.07810241729021072,0.02045973390340805,0.01508547551929951,-0.03100568056106567,0.0175478458404541,-0.01961791515350342,XArbitraryZVertical,-0.1078582035372278,-0.041082957854906,-0.03888232162843292,0.9925557843300413,-0.2007752954959869,0.1464231163263321,-0.9686328172683716,0,0,0,-1,-1,1814.888053166667,walking,2,2026-05-05T16:37:30.767+02:00,2026-05-05T16:12:27.330+02:00,1140,1.19412,0.6966417,1.401011,948.704,0,0,2026-05-05T16:37:35.925+02:00,799684656.0192052,0,0.3299999,100.7603,1,0.75,0
2026-05-05T16:37:37.593+02:00,1777991856.999972,53.23563497723651,10.40180227010775,24.81333,0.005000241,0.4720704,29.7691745918255,180,3,5.999684891258127,-9999,1821.707719625,-0.237274169921875,0.18804931640625,-0.98876953125,1821.702682625,-0.08787184660120582,-0.09211509901140122,-0.2118400798417579,0.05918646231293678,-0.01891909539699554,0.02543898113071918,-0.03826919198036194,0.0268000066280365,-0.02474117279052734,XArbitraryZVertical,-0.1075189435325696,-0.04110047638024132,-0.03876643946978085,0.9925964306223519,-0.2007749825716019,0.1457921713590622,-0.9687280654907227,0,0,0,-1,-1,1814.888053166667,walking,2,2026-05-05T16:37:30.767+02:00,2026-05-05T16:12:27.330+02:00,1140,1.19412,0.6966417,1.401011,948.704,0,0,2026-05-05T16:37:35.925+02:00,799684656.0192052,0,0.3299999,100.7603,1,0.75,0
2026-05-05T16:37:37.603+02:00,1777991856.999972,53.23563497723651,10.40180227010775,24.81333,0.005000241,0.4720704,29.7691745918255,180,3,5.999684891258127,-9999,1821.717792625,-0.2100067138671875,0.1586151123046875,-0.9767303466796875,1821.712755625,-0.08770181485769732,-0.09237591832092552,-0.2115394520317537,0.007340843789279461,-0.02460654452443123,0.001058540074154735,-0.03623196482658386,0.04253427684307098,-0.02005517482757568,XArbitraryZVertical,-0.1073713545766596,-0.04124633910417608,-0.03867562155832962,0.9926099021406204,-0.2010421752929688,0.145515039563179,-0.9687142968177795,0,0,0,-1,-1,1814.888053166667,walking,2,2026-05-05T16:37:30.767+02:00,2026-05-05T16:12:27.330+02:00,1140,1.19412,0.6966417,1.401011,948.704,0,0,2026-05-05T16:37:35.925+02:00,799684656.0192052,0,0.3299999,100.7603,1,0.75,0
2026-05-05T16:37:37.613+02:00,1777991856.999972,53.23563497723651,10.40180227010775,24.81333,0.005000241,0.4720704,29.7691745918255,180,3,5.999684891258127,-9999,1821.727865625,-0.2203216552734375,0.121337890625,-0.9691314697265625,1821.722829625,-0.08785187917125618,-0.09268497576272737,-0.211806149817574,-0.06098979711532593,-0.02737649716436863,-0.02489782683551311,-0.00867798924446106,0.01285412907600403,-0.008112490177154541,XArbitraryZVertical,-0.1075127421025372,-0.04138520061299469,-0.03872675188672164,0.9925868034121322,-0.2013286799192429,0.1457609832286835,-0.9686177968978882,0,0,0,-1,-1,1814.888053166667,walking,2,2026-05-05T16:37:30.767+02:00,2026-05-05T16:12:27.330+02:00,1140,1.19412,0.6966417,1.401011,948.704,0,0,2026-05-05T16:37:35.925+02:00,799684656.0192052,0,0.3299999,100.7603,1,0.75,0
2026-05-05T16:37:37.623+02:00,1777991856.999972,53.23563497723651,10.40180227010775,24.81333,0.005000241,0.4720704,29.7691745918255,180,3,5.999684891258127,-9999,1821.737939625,-0.224884033203125,0.1202239990234375,-0.9601287841796875,1821.732902625,-0.08822999519860854,-0.09307568846238515,-0.2127388984901256,-0.1221690028905869,-0.02507286332547665,-0.02765020169317722,-0.01865051686763763,-0.02529902756214142,-0.0007171034812927246,XArbitraryZVertical,-0.1079908560192043,-0.04153605265460535,-0.03886967136377825,0.992523049359488,-0.2016711086034775,0.1466369330883026,-0.9684143662452698,0,0,0,-1,-1,1814.888053166667,walking,2,2026-05-05T16:37:30.767+02:00,2026-05-05T16:12:27.330+02:00,1140,1.19412,0.6966417,1.401011,948.704,0,0,2026-05-05T16:37:35.925+02:00,799684656.0192052,0,0.3299999,100.7603,1,0.75,0
2026-05-05T16:37:37.633+02:00,1777991856.999972,53.23563497723651,10.40180227010775,24.81333,0.005000241,0.4720704,29.7691745918255,180,3,5.999684891258127,-9999,1821.748012625,-0.21405029296875,0.1244659423828125,-0.9479827880859375,1821.742975625,-0.08854512498677505,-0.09389788162417879,-0.2141975952661135,-0.1877042800188065,-0.1496654003858566,-0.01049578469246626,-0.02245634794235229,-0.02781251072883606,0.007914721965789795,XArbitraryZVertical,-0.1087369597065222,-0.04189134942217235,-0.03894422020411087,0.9924237429236131,-0.2024276554584503,0.1480365246534348,-0.9680435061454773,0,0,0,-1,-1,1814.888053166667,walking,2,2026-05-05T16:37:30.767+02:00,2026-05-05T16:12:27.330+02:00,1140,1.19412,0.6966417,1.401011,948.704,0,0,2026-05-05T16:37:35.925+02:00,799684656.0192052,0,0.3299999,100.7603,1,0.75,0
2026-05-05T16:37:37.643+02:00,1777991856.999972,53.23563497723651,10.40180227010775,24.81333,0.005000241,0.4720704,29.7691745918255,180,3,5.999684891258127,-9999,1821.758085625,-0.19232177734375,0.11920166015625,-0.9260406494140625,1821.753049625,-0.08886639091855976,-0.09393400328250842,-0.2152162230505472,0.02178263291716576,0.1207370683550835,0.004254399798810482,-0.01162166893482208,-0.02453678846359253,0.0199122428894043,XArbitraryZVertical,-0.1092496001449575,-0.0418667773727129,-0.03907549831010666,0.992363350609084,-0.2024286091327667,0.1490027457475662,-0.9678950905799866,0,0,0,-1,-1,1814.888053166667,walking,2,2026-05-05T16:37:30.767+02:00,2026-05-05T16:12:27.330+02:00,1140,1.19412,0.6966417,1.401011,948.704,0,0,2026-05-05T16:37:35.925+02:00,799684656.0192052,0,0.3299999,100.7603,1,0.75,0
2026-05-05T16:37:37.653+02:00,1777991856.999972,53.23563497723651,10.40180227010775,24.81333,0.005000241,0.4720704,29.7691745918255,180,3,5.999684891258127,-9999,1821.768159625,-0.2751617431640625,0.2031707763671875,-1.00238037109375,1821.763122625,-0.08818499652563865,-0.0928411719643041,-0.213788555806962,0.297497421503067,0.07183876633644104,0.09469068795442581,0.009110689163208008,-0.02847184240818024,0.04226589202880859,XArbitraryZVertical,-0.1085060360381535,-0.04139653531721146,-0.03883335250196174,0.9924740595892192,-0.2014324516057968,0.1476735174655914,-0.9683064818382263,0,0,0,-1,-1,1814.888053166667,walking,2,2026-05-05T16:37:30.767+02:00,2026-05-05T16:12:27.330+02:00,1140,1.19412,0.6966417,1.401011,948.704,0,0,2026-05-05T16:37:35.925+02:00,799684656.0192052,0,0.3299999,100.7603,1,0.75,0
2026-05-05T16:37:37.663+02:00,1777991856.999972,53.23563497723651,10.40180227010775,24.81333,0.005000241,0.4720704,29.7691745918255,180,3,5.999684891258127,-9999,1821.778232625,-0.1893768310546875,0.2606048583984375,-0.9880523681640625,1821.773196625,-0.08673693227056666,-0.09211188096151882,-0.2107743275748339,0.2832098305225372,0.01982004381716251,0.1087652295827866,-0.07430559396743774,0.05830338597297668,-0.03353035449981689,XArbitraryZVertical,-0.1069668106459972,-0.04118541983363588,-0.03823015817402495,0.9926733466627974,-0.2008561193943024,0.1448673903942108,-0.9688499569892883,0,0,0,-1,-1,1814.888053166667,walking,2,2026-05-05T16:37:30.767+02:00,2026-05-05T16:12:27.330+02:00,1140,1.19412,0.6966417,1.401011,948.704,0,0,2026-05-05T16:37:35.925+02:00,799684656.0192052,0,0.3299999,100.7603,1,0.75,0
